threatTypes,tags,name,description,confidence,revoked,validFrom,validUntil,tlpLevel,severity,observableType,observableValue
Phishing,"[DTI article Franken-phish,Phishing,https://prod.southcentralus.ti.trafficmanager.net/articles/50907106]",DTI Article - Franken-phish,Entity appears in MDTI article Franken-phish read more about it at MDTI https://prod.southcentralus.ti.trafficmanager.net/articles/50907106,100,,2022-07-11T19:30:23.868Z,2023-01-08T00:29:56.749Z,white,5,domain-name,658338120.ujsd.matanictii.com
Phishing,"[DTI article Franken-phish,Phishing,https://prod.southcentralus.ti.trafficmanager.net/articles/50907106]",DTI Article - Franken-phish,Entity appears in MDTI article Franken-phish read more about it at MDTI https://prod.southcentralus.ti.trafficmanager.net/articles/50907107,100,,2022-07-11T19:30:23.868Z,2023-01-08T00:29:56.749Z,white,5,domain-name,coffimkeer.com
Phishing,"[DTI article Franken-phish,Phishing,https://prod.southcentralus.ti.trafficmanager.net/articles/50907106]",DTI Article - Franken-phish,Entity appears in MDTI article Franken-phish read more about it at MDTI https://prod.southcentralus.ti.trafficmanager.net/articles/50907108,100,,2022-07-11T19:30:23.868Z,2023-01-08T00:29:56.749Z,white,5,domain-name,1838392685.ujsd.dalotcii.com
Phishing,"[DTI article Franken-phish,Phishing,https://prod.southcentralus.ti.trafficmanager.net/articles/50907106]",DTI Article - Franken-phish,Entity appears in MDTI article Franken-phish read more about it at MDTI https://prod.southcentralus.ti.trafficmanager.net/articles/50907109,100,,2022-07-11T19:30:23.868Z,2023-01-08T00:29:56.749Z,white,5,domain-name,slobhurtiy.com
Phishing,"[DTI article Franken-phish,Phishing,https://prod.southcentralus.ti.trafficmanager.net/articles/50907106]",DTI Article - Franken-phish,Entity appears in MDTI article Franken-phish read more about it at MDTI https://prod.southcentralus.ti.trafficmanager.net/articles/50907110,100,,2022-07-11T19:30:23.868Z,2023-01-08T00:29:56.749Z,white,5,domain-name,sazmath.com
Phishing,"[DTI article Franken-phish,Phishing,https://prod.southcentralus.ti.trafficmanager.net/articles/50907106]",DTI Article - Franken-phish,Entity appears in MDTI article Franken-phish read more about it at MDTI https://prod.southcentralus.ti.trafficmanager.net/articles/50907111,100,,2022-07-11T19:30:23.868Z,2023-01-08T00:29:56.749Z,white,5,domain-name,1656812361.ujsd.dalotcii.com
Phishing,"[DTI article Franken-phish,Phishing,https://prod.southcentralus.ti.trafficmanager.net/articles/50907106]",DTI Article - Franken-phish,Entity appears in MDTI article Franken-phish read more about it at MDTI https://prod.southcentralus.ti.trafficmanager.net/articles/50907112,100,,2022-07-11T19:30:23.868Z,2023-01-08T00:29:56.749Z,white,5,domain-name,conncorrd.com
Phishing,"[DTI article Franken-phish,Phishing,https://prod.southcentralus.ti.trafficmanager.net/articles/50907106]",DTI Article - Franken-phish,Entity appears in MDTI article Franken-phish read more about it at MDTI https://prod.southcentralus.ti.trafficmanager.net/articles/50907113,100,,2022-07-11T19:30:23.868Z,2023-01-08T00:29:56.749Z,white,5,domain-name,rtuatatcty.com
Phishing,"[DTI article Franken-phish,Phishing,https://prod.southcentralus.ti.trafficmanager.net/articles/50907106]",DTI Article - Franken-phish,Entity appears in MDTI article Franken-phish read more about it at MDTI https://prod.southcentralus.ti.trafficmanager.net/articles/50907114,100,,2022-07-11T19:30:23.868Z,2023-01-08T00:29:56.749Z,white,5,domain-name,255622856.ujsd.eurhutos.com
Phishing,"[DTI article Franken-phish,Phishing,https://prod.southcentralus.ti.trafficmanager.net/articles/50907106]",DTI Article - Franken-phish,Entity appears in MDTI article Franken-phish read more about it at MDTI https://prod.southcentralus.ti.trafficmanager.net/articles/50907115,100,,2022-07-11T19:30:23.868Z,2023-01-08T00:29:56.749Z,white,5,domain-name,phmakert.com
Phishing,"[DTI article Franken-phish,Phishing,https://prod.southcentralus.ti.trafficmanager.net/articles/50907106]",DTI Article - Franken-phish,Entity appears in MDTI article Franken-phish read more about it at MDTI https://prod.southcentralus.ti.trafficmanager.net/articles/50907116,100,,2022-07-11T19:30:23.868Z,2023-01-08T00:29:56.749Z,white,5,domain-name,tenssmor.com
Phishing,"[DTI article Franken-phish,Phishing,https://prod.southcentralus.ti.trafficmanager.net/articles/50907106]",DTI Article - Franken-phish,Entity appears in MDTI article Franken-phish read more about it at MDTI https://prod.southcentralus.ti.trafficmanager.net/articles/50907117,100,,2022-07-11T19:30:23.868Z,2023-01-08T00:29:56.749Z,white,5,domain-name,1229648857.ujsd.kurvuty.com
Phishing,"[DTI article Franken-phish,Phishing,https://prod.southcentralus.ti.trafficmanager.net/articles/50907106]",DTI Article - Franken-phish,Entity appears in MDTI article Franken-phish read more about it at MDTI https://prod.southcentralus.ti.trafficmanager.net/articles/50907118,100,,2022-07-11T19:30:23.868Z,2023-01-08T00:29:56.749Z,white,5,domain-name,braingones.com
Phishing,"[DTI article Franken-phish,Phishing,https://prod.southcentralus.ti.trafficmanager.net/articles/50907106]",DTI Article - Franken-phish,Entity appears in MDTI article Franken-phish read more about it at MDTI https://prod.southcentralus.ti.trafficmanager.net/articles/50907119,100,,2022-07-11T19:30:23.868Z,2023-01-08T00:29:56.749Z,white,5,domain-name,eurhutos.com
Phishing,"[DTI article Franken-phish,Phishing,https://prod.southcentralus.ti.trafficmanager.net/articles/50907106]",DTI Article - Franken-phish,Entity appears in MDTI article Franken-phish read more about it at MDTI https://prod.southcentralus.ti.trafficmanager.net/articles/50907120,100,,2022-07-11T19:30:23.868Z,2023-01-08T00:29:56.749Z,white,5,domain-name,kanesatakss.com
Phishing,"[DTI article Franken-phish,Phishing,https://prod.southcentralus.ti.trafficmanager.net/articles/50907106]",DTI Article - Franken-phish,Entity appears in MDTI article Franken-phish read more about it at MDTI https://prod.southcentralus.ti.trafficmanager.net/articles/50907121,100,,2022-07-11T19:30:23.868Z,2023-01-08T00:29:56.749Z,white,5,domain-name,1244535616.ujsd.selfessdas.com
Phishing,"[DTI article Franken-phish,Phishing,https://prod.southcentralus.ti.trafficmanager.net/articles/50907106]",DTI Article - Franken-phish,Entity appears in MDTI article Franken-phish read more about it at MDTI https://prod.southcentralus.ti.trafficmanager.net/articles/50907122,100,,2022-07-11T19:30:23.868Z,2023-01-08T00:29:56.749Z,white,5,domain-name,946552600.ujsd.buiyosi.com
Phishing,"[DTI article Franken-phish,Phishing,https://prod.southcentralus.ti.trafficmanager.net/articles/50907106]",DTI Article - Franken-phish,Entity appears in MDTI article Franken-phish read more about it at MDTI https://prod.southcentralus.ti.trafficmanager.net/articles/50907123,100,,2022-07-11T19:30:23.868Z,2023-01-08T00:29:56.749Z,white,5,domain-name,1436029448.ujsd.buiyosi.com
Phishing,"[DTI article Franken-phish,Phishing,https://prod.southcentralus.ti.trafficmanager.net/articles/50907106]",DTI Article - Franken-phish,Entity appears in MDTI article Franken-phish read more about it at MDTI https://prod.southcentralus.ti.trafficmanager.net/articles/50907124,100,,2022-07-11T19:30:23.868Z,2023-01-08T00:29:56.749Z,white,5,domain-name,lamyot.com
Phishing,"[DTI article Franken-phish,Phishing,https://prod.southcentralus.ti.trafficmanager.net/articles/50907106]",DTI Article - Franken-phish,Entity appears in MDTI article Franken-phish read more about it at MDTI https://prod.southcentralus.ti.trafficmanager.net/articles/50907125,100,,2022-07-11T19:30:23.868Z,2023-01-08T00:29:56.749Z,white,5,domain-name,matanictii.com
Phishing,"[DTI article Franken-phish,Phishing,https://prod.southcentralus.ti.trafficmanager.net/articles/50907106]",DTI Article - Franken-phish,Entity appears in MDTI article Franken-phish read more about it at MDTI https://prod.southcentralus.ti.trafficmanager.net/articles/50907126,100,,2022-07-11T19:30:23.868Z,2023-01-08T00:29:56.749Z,white,5,domain-name,1733787821.ujsd.buiyosi.com
Phishing,"[DTI article Franken-phish,Phishing,https://prod.southcentralus.ti.trafficmanager.net/articles/50907106]",DTI Article - Franken-phish,Entity appears in MDTI article Franken-phish read more about it at MDTI https://prod.southcentralus.ti.trafficmanager.net/articles/50907127,100,,2022-07-11T19:30:23.868Z,2023-01-08T00:29:56.749Z,white,5,url,lcspecops.com/psl/vcoominctodayq.php
Phishing,"[DTI article Franken-phish,Phishing,https://prod.southcentralus.ti.trafficmanager.net/articles/50907106]",DTI Article - Franken-phish,Entity appears in MDTI article Franken-phish read more about it at MDTI https://prod.southcentralus.ti.trafficmanager.net/articles/50907128,100,,2022-07-11T19:30:23.868Z,2023-01-08T00:29:56.749Z,white,5,domain-name,brepeme.com
Phishing,"[DTI article Franken-phish,Phishing,https://prod.southcentralus.ti.trafficmanager.net/articles/50907106]",DTI Article - Franken-phish,Entity appears in MDTI article Franken-phish read more about it at MDTI https://prod.southcentralus.ti.trafficmanager.net/articles/50907129,100,,2022-07-11T19:30:23.868Z,2023-01-08T00:29:56.749Z,white,5,domain-name,kurvuty.com
Phishing,"[DTI article Franken-phish,Phishing,https://prod.southcentralus.ti.trafficmanager.net/articles/50907106]",DTI Article - Franken-phish,Entity appears in MDTI article Franken-phish read more about it at MDTI https://prod.southcentralus.ti.trafficmanager.net/articles/50907130,100,,2022-07-11T19:30:23.868Z,2023-01-08T00:29:56.749Z,white,5,domain-name,1668463162.ujsd.conncorrd.com
Phishing,"[DTI article Franken-phish,Phishing,https://prod.southcentralus.ti.trafficmanager.net/articles/50907106]",DTI Article - Franken-phish,Entity appears in MDTI article Franken-phish read more about it at MDTI https://prod.southcentralus.ti.trafficmanager.net/articles/50907131,100,,2022-07-11T19:30:23.868Z,2023-01-08T00:29:56.749Z,white,5,domain-name,100666740.ujsd.matanictii.com
Phishing,"[DTI article Franken-phish,Phishing,https://prod.southcentralus.ti.trafficmanager.net/articles/50907106]",DTI Article - Franken-phish,Entity appears in MDTI article Franken-phish read more about it at MDTI https://prod.southcentralus.ti.trafficmanager.net/articles/50907132,100,,2022-07-11T19:30:23.868Z,2023-01-08T00:29:56.749Z,white,5,url,ujsd.brepeme.com//bnxvhyex.#aHR0cHM6Ly92YWVwbGVyLmNvbS9lZGZoLmtlcmZxLyNuby1yZXBseUBtaWNyb3NvZnQuY29t
Phishing,"[DTI article Franken-phish,Phishing,https://prod.southcentralus.ti.trafficmanager.net/articles/50907106]",DTI Article - Franken-phish,Entity appears in MDTI article Franken-phish read more about it at MDTI https://prod.southcentralus.ti.trafficmanager.net/articles/50907133,100,,2022-07-11T19:30:23.868Z,2023-01-08T00:29:56.749Z,white,5,domain-name,selfessdas.com
Phishing,"[DTI article Franken-phish,Phishing,https://prod.southcentralus.ti.trafficmanager.net/articles/50907106]",DTI Article - Franken-phish,Entity appears in MDTI article Franken-phish read more about it at MDTI https://prod.southcentralus.ti.trafficmanager.net/articles/50907134,100,,2022-07-11T19:30:23.868Z,2023-01-08T00:29:56.749Z,white,5,domain-name,1776769042.ujsd.iotryfuty.com
Phishing,"[DTI article Franken-phish,Phishing,https://prod.southcentralus.ti.trafficmanager.net/articles/50907106]",DTI Article - Franken-phish,Entity appears in MDTI article Franken-phish read more about it at MDTI https://prod.southcentralus.ti.trafficmanager.net/articles/50907135,100,,2022-07-11T19:30:23.868Z,2023-01-08T00:29:56.749Z,white,5,domain-name,202271174.ujsd.pentsweser.com
Phishing,"[DTI article Franken-phish,Phishing,https://prod.southcentralus.ti.trafficmanager.net/articles/50907106]",DTI Article - Franken-phish,Entity appears in MDTI article Franken-phish read more about it at MDTI https://prod.southcentralus.ti.trafficmanager.net/articles/50907136,100,,2022-07-11T19:30:23.868Z,2023-01-08T00:29:56.749Z,white,5,domain-name,jumperctin.com
Phishing,"[DTI article Franken-phish,Phishing,https://prod.southcentralus.ti.trafficmanager.net/articles/50907106]",DTI Article - Franken-phish,Entity appears in MDTI article Franken-phish read more about it at MDTI https://prod.southcentralus.ti.trafficmanager.net/articles/50907137,100,,2022-07-11T19:30:23.868Z,2023-01-08T00:29:56.749Z,white,5,domain-name,1010306526.ujsd.iotryfuty.com
Phishing,"[DTI article Franken-phish,Phishing,https://prod.southcentralus.ti.trafficmanager.net/articles/50907106]",DTI Article - Franken-phish,Entity appears in MDTI article Franken-phish read more about it at MDTI https://prod.southcentralus.ti.trafficmanager.net/articles/50907138,100,,2022-07-11T19:30:23.868Z,2023-01-08T00:29:56.749Z,white,5,domain-name,tenssmr.com
Phishing,"[DTI article Franken-phish,Phishing,https://prod.southcentralus.ti.trafficmanager.net/articles/50907106]",DTI Article - Franken-phish,Entity appears in MDTI article Franken-phish read more about it at MDTI https://prod.southcentralus.ti.trafficmanager.net/articles/50907139,100,,2022-07-11T19:30:23.868Z,2023-01-08T00:29:56.749Z,white,5,domain-name,1179340144.ujsd.sazmath.com
Phishing,"[DTI article Franken-phish,Phishing,https://prod.southcentralus.ti.trafficmanager.net/articles/50907106]",DTI Article - Franken-phish,Entity appears in MDTI article Franken-phish read more about it at MDTI https://prod.southcentralus.ti.trafficmanager.net/articles/50907140,100,,2022-07-11T19:30:23.868Z,2023-01-08T00:29:56.749Z,white,5,domain-name,1315116569.ujsd.setmakersl.com
Phishing,"[DTI article Franken-phish,Phishing,https://prod.southcentralus.ti.trafficmanager.net/articles/50907106]",DTI Article - Franken-phish,Entity appears in MDTI article Franken-phish read more about it at MDTI https://prod.southcentralus.ti.trafficmanager.net/articles/50907141,100,,2022-07-11T19:30:23.868Z,2023-01-08T00:29:56.749Z,white,5,domain-name,728156920.ujsd.iotryfuty.com
Phishing,"[DTI article Franken-phish,Phishing,https://prod.southcentralus.ti.trafficmanager.net/articles/50907106]",DTI Article - Franken-phish,Entity appears in MDTI article Franken-phish read more about it at MDTI https://prod.southcentralus.ti.trafficmanager.net/articles/50907142,100,,2022-07-11T19:30:23.868Z,2023-01-08T00:29:56.749Z,white,5,domain-name,brainsdeads.com
Phishing,"[DTI article Franken-phish,Phishing,https://prod.southcentralus.ti.trafficmanager.net/articles/50907106]",DTI Article - Franken-phish,Entity appears in MDTI article Franken-phish read more about it at MDTI https://prod.southcentralus.ti.trafficmanager.net/articles/50907143,100,,2022-07-11T19:30:23.868Z,2023-01-08T00:29:56.749Z,white,5,domain-name,1359496128.ujsd.dalotcii.com
Phishing,"[DTI article Franken-phish,Phishing,https://prod.southcentralus.ti.trafficmanager.net/articles/50907106]",DTI Article - Franken-phish,Entity appears in MDTI article Franken-phish read more about it at MDTI https://prod.southcentralus.ti.trafficmanager.net/articles/50907144,100,,2022-07-11T19:30:23.868Z,2023-01-08T00:29:56.749Z,white,5,domain-name,speedoms.com
Phishing,"[DTI article Franken-phish,Phishing,https://prod.southcentralus.ti.trafficmanager.net/articles/50907106]",DTI Article - Franken-phish,Entity appears in MDTI article Franken-phish read more about it at MDTI https://prod.southcentralus.ti.trafficmanager.net/articles/50907145,100,,2022-07-11T19:30:23.868Z,2023-01-08T00:29:56.749Z,white,5,url,luhyrtye.com/edfh.kerfq/#no-reply@microsoft.com
Phishing,"[DTI article Franken-phish,Phishing,https://prod.southcentralus.ti.trafficmanager.net/articles/50907106]",DTI Article - Franken-phish,Entity appears in MDTI article Franken-phish read more about it at MDTI https://prod.southcentralus.ti.trafficmanager.net/articles/50907146,100,,2022-07-11T19:30:23.868Z,2023-01-08T00:29:56.749Z,white,5,domain-name,646611056.ujsd.gsuouyty.com
Phishing,"[DTI article Franken-phish,Phishing,https://prod.southcentralus.ti.trafficmanager.net/articles/50907106]",DTI Article - Franken-phish,Entity appears in MDTI article Franken-phish read more about it at MDTI https://prod.southcentralus.ti.trafficmanager.net/articles/50907147,100,,2022-07-11T19:30:23.868Z,2023-01-08T00:29:56.749Z,white,5,url,odghyuter.com//wfvmlpxuhjeq.#aHR0cHM6Ly9wb2dmaHJ5ZXQuY29tL2VkZmgua2VyZnEvI25vLXJlcGx5QG1pY3Jvc29mdC5jb20=
Phishing,"[DTI article Franken-phish,Phishing,https://prod.southcentralus.ti.trafficmanager.net/articles/50907106]",DTI Article - Franken-phish,Entity appears in MDTI article Franken-phish read more about it at MDTI https://prod.southcentralus.ti.trafficmanager.net/articles/50907148,100,,2022-07-11T19:30:23.868Z,2023-01-08T00:29:56.749Z,white,5,domain-name,buiyosi.com
Phishing,"[DTI article Franken-phish,Phishing,https://prod.southcentralus.ti.trafficmanager.net/articles/50907106]",DTI Article - Franken-phish,Entity appears in MDTI article Franken-phish read more about it at MDTI https://prod.southcentralus.ti.trafficmanager.net/articles/50907149,100,,2022-07-11T19:30:23.868Z,2023-01-08T00:29:56.749Z,white,5,domain-name,qurythuy.com
Phishing,"[DTI article Franken-phish,Phishing,https://prod.southcentralus.ti.trafficmanager.net/articles/50907106]",DTI Article - Franken-phish,Entity appears in MDTI article Franken-phish read more about it at MDTI https://prod.southcentralus.ti.trafficmanager.net/articles/50907150,100,,2022-07-11T19:30:23.868Z,2023-01-08T00:29:56.749Z,white,5,domain-name,1988722677.ujsd.eurhutos.com
Phishing,"[DTI article Franken-phish,Phishing,https://prod.southcentralus.ti.trafficmanager.net/articles/50907106]",DTI Article - Franken-phish,Entity appears in MDTI article Franken-phish read more about it at MDTI https://prod.southcentralus.ti.trafficmanager.net/articles/50907151,100,,2022-07-11T19:30:23.868Z,2023-01-08T00:29:56.749Z,white,5,domain-name,setmakersl.com
Phishing,"[DTI article Franken-phish,Phishing,https://prod.southcentralus.ti.trafficmanager.net/articles/50907106]",DTI Article - Franken-phish,Entity appears in MDTI article Franken-phish read more about it at MDTI https://prod.southcentralus.ti.trafficmanager.net/articles/50907152,100,,2022-07-11T19:30:23.868Z,2023-01-08T00:29:56.749Z,white,5,url,ujsd.coffimkeer.com//0jw7yklk.#aHR0cHM6Ly9sdWh5cnR5ZS5jb20vZWRmaC5rZXJmcS8jbm8tcmVwbHlAbWljcm9zb2Z0LmNvbQ==
Phishing,"[DTI article Franken-phish,Phishing,https://prod.southcentralus.ti.trafficmanager.net/articles/50907106]",DTI Article - Franken-phish,Entity appears in MDTI article Franken-phish read more about it at MDTI https://prod.southcentralus.ti.trafficmanager.net/articles/50907153,100,,2022-07-11T19:30:23.868Z,2023-01-08T00:29:56.749Z,white,5,domain-name,chovamb.com
Phishing,"[DTI article Franken-phish,Phishing,https://prod.southcentralus.ti.trafficmanager.net/articles/50907106]",DTI Article - Franken-phish,Entity appears in MDTI article Franken-phish read more about it at MDTI https://prod.southcentralus.ti.trafficmanager.net/articles/50907154,100,,2022-07-11T19:30:23.868Z,2023-01-08T00:29:56.749Z,white,5,domain-name,mosyeurty.com
Phishing,"[DTI article Franken-phish,Phishing,https://prod.southcentralus.ti.trafficmanager.net/articles/50907106]",DTI Article - Franken-phish,Entity appears in MDTI article Franken-phish read more about it at MDTI https://prod.southcentralus.ti.trafficmanager.net/articles/50907155,100,,2022-07-11T19:30:23.868Z,2023-01-08T00:29:56.749Z,white,5,domain-name,254503147.ujsd.kurvuty.com
Phishing,"[DTI article Franken-phish,Phishing,https://prod.southcentralus.ti.trafficmanager.net/articles/50907106]",DTI Article - Franken-phish,Entity appears in MDTI article Franken-phish read more about it at MDTI https://prod.southcentralus.ti.trafficmanager.net/articles/50907156,100,,2022-07-11T19:30:23.868Z,2023-01-08T00:29:56.749Z,white,5,domain-name,shageneppi.com
Phishing,"[DTI article Franken-phish,Phishing,https://prod.southcentralus.ti.trafficmanager.net/articles/50907106]",DTI Article - Franken-phish,Entity appears in MDTI article Franken-phish read more about it at MDTI https://prod.southcentralus.ti.trafficmanager.net/articles/50907157,100,,2022-07-11T19:30:23.868Z,2023-01-08T00:29:56.749Z,white,5,domain-name,coffieer.com
Phishing,"[DTI article Franken-phish,Phishing,https://prod.southcentralus.ti.trafficmanager.net/articles/50907106]",DTI Article - Franken-phish,Entity appears in MDTI article Franken-phish read more about it at MDTI https://prod.southcentralus.ti.trafficmanager.net/articles/50907158,100,,2022-07-11T19:30:23.868Z,2023-01-08T00:29:56.749Z,white,5,domain-name,215852665.ujsd.brepeme.com
Phishing,"[DTI article Franken-phish,Phishing,https://prod.southcentralus.ti.trafficmanager.net/articles/50907106]",DTI Article - Franken-phish,Entity appears in MDTI article Franken-phish read more about it at MDTI https://prod.southcentralus.ti.trafficmanager.net/articles/50907159,100,,2022-07-11T19:30:23.868Z,2023-01-08T00:29:56.749Z,white,5,domain-name,600774497.ujsd.sazmath.com
Phishing,"[DTI article Franken-phish,Phishing,https://prod.southcentralus.ti.trafficmanager.net/articles/50907106]",DTI Article - Franken-phish,Entity appears in MDTI article Franken-phish read more about it at MDTI https://prod.southcentralus.ti.trafficmanager.net/articles/50907160,100,,2022-07-11T19:30:23.868Z,2023-01-08T00:29:56.749Z,white,5,domain-name,dalotcii.com
Phishing,"[DTI article Franken-phish,Phishing,https://prod.southcentralus.ti.trafficmanager.net/articles/50907106]",DTI Article - Franken-phish,Entity appears in MDTI article Franken-phish read more about it at MDTI https://prod.southcentralus.ti.trafficmanager.net/articles/50907161,100,,2022-07-11T19:30:23.868Z,2023-01-08T00:29:56.749Z,white,5,domain-name,ksfcaghyou.com
Phishing,"[DTI article Franken-phish,Phishing,https://prod.southcentralus.ti.trafficmanager.net/articles/50907106]",DTI Article - Franken-phish,Entity appears in MDTI article Franken-phish read more about it at MDTI https://prod.southcentralus.ti.trafficmanager.net/articles/50907162,100,,2022-07-11T19:30:23.868Z,2023-01-08T00:29:56.749Z,white,5,domain-name,tamsops.com
Phishing,"[DTI article Franken-phish,Phishing,https://prod.southcentralus.ti.trafficmanager.net/articles/50907106]",DTI Article - Franken-phish,Entity appears in MDTI article Franken-phish read more about it at MDTI https://prod.southcentralus.ti.trafficmanager.net/articles/50907163,100,,2022-07-11T19:30:23.868Z,2023-01-08T00:29:56.749Z,white,5,domain-name,tenssm.com
Phishing,"[DTI article Franken-phish,Phishing,https://prod.southcentralus.ti.trafficmanager.net/articles/50907106]",DTI Article - Franken-phish,Entity appears in MDTI article Franken-phish read more about it at MDTI https://prod.southcentralus.ti.trafficmanager.net/articles/50907164,100,,2022-07-11T19:30:23.868Z,2023-01-08T00:29:56.749Z,white,5,domain-name,1469782555.ujsd.phmakert.com
Phishing,"[DTI article Franken-phish,Phishing,https://prod.southcentralus.ti.trafficmanager.net/articles/50907106]",DTI Article - Franken-phish,Entity appears in MDTI article Franken-phish read more about it at MDTI https://prod.southcentralus.ti.trafficmanager.net/articles/50907165,100,,2022-07-11T19:30:23.868Z,2023-01-08T00:29:56.749Z,white,5,domain-name,cofeer.com
Phishing,"[DTI article Franken-phish,Phishing,https://prod.southcentralus.ti.trafficmanager.net/articles/50907106]",DTI Article - Franken-phish,Entity appears in MDTI article Franken-phish read more about it at MDTI https://prod.southcentralus.ti.trafficmanager.net/articles/50907166,100,,2022-07-11T19:30:23.868Z,2023-01-08T00:29:56.749Z,white,5,domain-name,1227334331.ujsd.selfessdas.com
Phishing,"[DTI article Franken-phish,Phishing,https://prod.southcentralus.ti.trafficmanager.net/articles/50907106]",DTI Article - Franken-phish,Entity appears in MDTI article Franken-phish read more about it at MDTI https://prod.southcentralus.ti.trafficmanager.net/articles/50907167,100,,2022-07-11T19:30:23.868Z,2023-01-08T00:29:56.749Z,white,5,url,ujsd.pentsweser.com//iojjyaqw.#aHR0cHM6Ly9saW1lc3RvbmVzbS5jb20vZWRmaC5rZXJmcS8jbm8tcmVwbHlAbWljcm9zb2Z0LmNvbQ==
Phishing,"[DTI article Franken-phish,Phishing,https://prod.southcentralus.ti.trafficmanager.net/articles/50907106]",DTI Article - Franken-phish,Entity appears in MDTI article Franken-phish read more about it at MDTI https://prod.southcentralus.ti.trafficmanager.net/articles/50907168,100,,2022-07-11T19:30:23.868Z,2023-01-08T00:29:56.749Z,white,5,domain-name,coffkr.com
Phishing,"[DTI article Franken-phish,Phishing,https://prod.southcentralus.ti.trafficmanager.net/articles/50907106]",DTI Article - Franken-phish,Entity appears in MDTI article Franken-phish read more about it at MDTI https://prod.southcentralus.ti.trafficmanager.net/articles/50907169,100,,2022-07-11T19:30:23.868Z,2023-01-08T00:29:56.749Z,white,5,domain-name,879643450.ujsd.matanictii.com
Phishing,"[DTI article Franken-phish,Phishing,https://prod.southcentralus.ti.trafficmanager.net/articles/50907106]",DTI Article - Franken-phish,Entity appears in MDTI article Franken-phish read more about it at MDTI https://prod.southcentralus.ti.trafficmanager.net/articles/50907170,100,,2022-07-11T19:30:23.868Z,2023-01-08T00:29:56.749Z,white,5,domain-name,995216045.ujsd.dalotcii.com
Phishing,"[DTI article Franken-phish,Phishing,https://prod.southcentralus.ti.trafficmanager.net/articles/50907106]",DTI Article - Franken-phish,Entity appears in MDTI article Franken-phish read more about it at MDTI https://prod.southcentralus.ti.trafficmanager.net/articles/50907171,100,,2022-07-11T19:30:23.868Z,2023-01-08T00:29:56.749Z,white,5,domain-name,404793834.ujsd.matanictii.com
Phishing,"[DTI article Franken-phish,Phishing,https://prod.southcentralus.ti.trafficmanager.net/articles/50907106]",DTI Article - Franken-phish,Entity appears in MDTI article Franken-phish read more about it at MDTI https://prod.southcentralus.ti.trafficmanager.net/articles/50907172,100,,2022-07-11T19:30:23.868Z,2023-01-08T00:29:56.749Z,white,5,domain-name,vlogctii.com
Phishing,"[DTI article Franken-phish,Phishing,https://prod.southcentralus.ti.trafficmanager.net/articles/50907106]",DTI Article - Franken-phish,Entity appears in MDTI article Franken-phish read more about it at MDTI https://prod.southcentralus.ti.trafficmanager.net/articles/50907173,100,,2022-07-11T19:30:23.868Z,2023-01-08T00:29:56.749Z,white,5,domain-name,iotryfuty.com
Phishing,"[DTI article Franken-phish,Phishing,https://prod.southcentralus.ti.trafficmanager.net/articles/50907106]",DTI Article - Franken-phish,Entity appears in MDTI article Franken-phish read more about it at MDTI https://prod.southcentralus.ti.trafficmanager.net/articles/50907174,100,,2022-07-11T19:30:23.868Z,2023-01-08T00:29:56.749Z,white,5,domain-name,516942697.ujsd.setmakersl.com
Phishing,"[DTI article Franken-phish,Phishing,https://prod.southcentralus.ti.trafficmanager.net/articles/50907106]",DTI Article - Franken-phish,Entity appears in MDTI article Franken-phish read more about it at MDTI https://prod.southcentralus.ti.trafficmanager.net/articles/50907175,100,,2022-07-11T19:30:23.868Z,2023-01-08T00:29:56.749Z,white,5,url,nyc3.digitaloceanspaces.com/bnj/25_40_24_5E_40_26_40_26_28_29_23_23_5E_23_24_26_5E_25_26_40_5E_28_23_26_%25_%25_%25_%25_%25_%25_%25_%25_%25_%25_%25_%25_%25_%25_%25_%25_%25_%25_%25_%25_%25_%25_%25_%25_%25_%25_%25_%25_%25_%25_%25_%25_%25_%25_%25_%25.html#no-reply@microsoft.com
Phishing,"[DTI article Franken-phish,Phishing,https://prod.southcentralus.ti.trafficmanager.net/articles/50907106]",DTI Article - Franken-phish,Entity appears in MDTI article Franken-phish read more about it at MDTI https://prod.southcentralus.ti.trafficmanager.net/articles/50907176,100,,2022-07-11T19:30:23.868Z,2023-01-08T00:29:56.749Z,white,5,domain-name,coffkeer.com
Phishing,"[DTI article Franken-phish,Phishing,https://prod.southcentralus.ti.trafficmanager.net/articles/50907106]",DTI Article - Franken-phish,Entity appears in MDTI article Franken-phish read more about it at MDTI https://prod.southcentralus.ti.trafficmanager.net/articles/50907177,100,,2022-07-11T19:30:23.868Z,2023-01-08T00:29:56.749Z,white,5,domain-name,uyfteuty.com
Phishing,"[DTI article Franken-phish,Phishing,https://prod.southcentralus.ti.trafficmanager.net/articles/50907106]",DTI Article - Franken-phish,Entity appears in MDTI article Franken-phish read more about it at MDTI https://prod.southcentralus.ti.trafficmanager.net/articles/50907178,100,,2022-07-11T19:30:23.868Z,2023-01-08T00:29:56.749Z,white,5,domain-name,ourygshry.com
Phishing,"[DTI article Franken-phish,Phishing,https://prod.southcentralus.ti.trafficmanager.net/articles/50907106]",DTI Article - Franken-phish,Entity appears in MDTI article Franken-phish read more about it at MDTI https://prod.southcentralus.ti.trafficmanager.net/articles/50907179,100,,2022-07-11T19:30:23.868Z,2023-01-08T00:29:56.749Z,white,5,domain-name,pentsweser.com
Phishing,"[DTI article Franken-phish,Phishing,https://prod.southcentralus.ti.trafficmanager.net/articles/50907106]",DTI Article - Franken-phish,Entity appears in MDTI article Franken-phish read more about it at MDTI https://prod.southcentralus.ti.trafficmanager.net/articles/50907180,100,,2022-07-11T19:30:23.868Z,2023-01-08T00:29:56.749Z,white,5,domain-name,124967719.ujsd.normmavec.com
Phishing,"[DTI article Franken-phish,Phishing,https://prod.southcentralus.ti.trafficmanager.net/articles/50907106]",DTI Article - Franken-phish,Entity appears in MDTI article Franken-phish read more about it at MDTI https://prod.southcentralus.ti.trafficmanager.net/articles/50907181,100,,2022-07-11T19:30:23.868Z,2023-01-08T00:29:56.749Z,white,5,url,pogfhryet.com/edfh.kerfq/#no-reply@microsoft.com
Phishing,"[DTI article Franken-phish,Phishing,https://prod.southcentralus.ti.trafficmanager.net/articles/50907106]",DTI Article - Franken-phish,Entity appears in MDTI article Franken-phish read more about it at MDTI https://prod.southcentralus.ti.trafficmanager.net/articles/50907182,100,,2022-07-11T19:30:23.868Z,2023-01-08T00:29:56.749Z,white,5,domain-name,carlssbad.com
Phishing,"[DTI article Franken-phish,Phishing,https://prod.southcentralus.ti.trafficmanager.net/articles/50907106]",DTI Article - Franken-phish,Entity appears in MDTI article Franken-phish read more about it at MDTI https://prod.southcentralus.ti.trafficmanager.net/articles/50907183,100,,2022-07-11T19:30:23.868Z,2023-01-08T00:29:56.749Z,white,5,domain-name,gsuouyty.com
Phishing,"[DTI article Franken-phish,Phishing,https://prod.southcentralus.ti.trafficmanager.net/articles/50907106]",DTI Article - Franken-phish,Entity appears in MDTI article Franken-phish read more about it at MDTI https://prod.southcentralus.ti.trafficmanager.net/articles/50907184,100,,2022-07-11T19:30:23.868Z,2023-01-08T00:29:56.749Z,white,5,domain-name,1742965301.ujsd.setmakersl.com
Phishing,"[DTI article Franken-phish,Phishing,https://prod.southcentralus.ti.trafficmanager.net/articles/50907106]",DTI Article - Franken-phish,Entity appears in MDTI article Franken-phish read more about it at MDTI https://prod.southcentralus.ti.trafficmanager.net/articles/50907185,100,,2022-07-11T19:30:23.868Z,2023-01-08T00:29:56.749Z,white,5,domain-name,165175575.ujsd.sazmath.com
Phishing,"[DTI article Franken-phish,Phishing,https://prod.southcentralus.ti.trafficmanager.net/articles/50907106]",DTI Article - Franken-phish,Entity appears in MDTI article Franken-phish read more about it at MDTI https://prod.southcentralus.ti.trafficmanager.net/articles/50907186,100,,2022-07-11T19:30:23.868Z,2023-01-08T00:29:56.749Z,white,5,domain-name,beinsmter.com
Phishing,"[DTI article Franken-phish,Phishing,https://prod.southcentralus.ti.trafficmanager.net/articles/50907106]",DTI Article - Franken-phish,Entity appears in MDTI article Franken-phish read more about it at MDTI https://prod.southcentralus.ti.trafficmanager.net/articles/50907187,100,,2022-07-11T19:30:23.868Z,2023-01-08T00:29:56.749Z,white,5,domain-name,443577567.ujsd.iotryfuty.com
Phishing,"[DTI article Franken-phish,Phishing,https://prod.southcentralus.ti.trafficmanager.net/articles/50907106]",DTI Article - Franken-phish,Entity appears in MDTI article Franken-phish read more about it at MDTI https://prod.southcentralus.ti.trafficmanager.net/articles/50907188,100,,2022-07-11T19:30:23.868Z,2023-01-08T00:29:56.749Z,white,5,domain-name,shadain.com
Phishing,"[DTI article Franken-phish,Phishing,https://prod.southcentralus.ti.trafficmanager.net/articles/50907106]",DTI Article - Franken-phish,Entity appears in MDTI article Franken-phish read more about it at MDTI https://prod.southcentralus.ti.trafficmanager.net/articles/50907189,100,,2022-07-11T19:30:23.868Z,2023-01-08T00:29:56.749Z,white,5,domain-name,9725332.ujsd.brepeme.com
Phishing,"[DTI article Franken-phish,Phishing,https://prod.southcentralus.ti.trafficmanager.net/articles/50907106]",DTI Article - Franken-phish,Entity appears in MDTI article Franken-phish read more about it at MDTI https://prod.southcentralus.ti.trafficmanager.net/articles/50907190,100,,2022-07-11T19:30:23.868Z,2023-01-08T00:29:56.749Z,white,5,domain-name,carrtwright.com
Phishing,"[DTI article Franken-phish,Phishing,https://prod.southcentralus.ti.trafficmanager.net/articles/50907106]",DTI Article - Franken-phish,Entity appears in MDTI article Franken-phish read more about it at MDTI https://prod.southcentralus.ti.trafficmanager.net/articles/50907191,100,,2022-07-11T19:30:23.868Z,2023-01-08T00:29:56.749Z,white,5,domain-name,normmavec.com
Phishing,"[DTI article Franken-phish,Phishing,https://prod.southcentralus.ti.trafficmanager.net/articles/50907106]",DTI Article - Franken-phish,Entity appears in MDTI article Franken-phish read more about it at MDTI https://prod.southcentralus.ti.trafficmanager.net/articles/50907192,100,,2022-07-11T19:30:23.868Z,2023-01-08T00:29:56.749Z,white,5,domain-name,926765708.ujsd.kurvuty.com
Phishing,"[DTI article Franken-phish,Phishing,https://prod.southcentralus.ti.trafficmanager.net/articles/50907106]",DTI Article - Franken-phish,Entity appears in MDTI article Franken-phish read more about it at MDTI https://prod.southcentralus.ti.trafficmanager.net/articles/50907193,100,,2022-07-11T19:30:23.868Z,2023-01-08T00:29:56.749Z,white,5,domain-name,1007183231.ujsd.gsuouyty.com
Phishing,"[DTI article Franken-phish,Phishing,https://prod.southcentralus.ti.trafficmanager.net/articles/50907106]",DTI Article - Franken-phish,Entity appears in MDTI article Franken-phish read more about it at MDTI https://prod.southcentralus.ti.trafficmanager.net/articles/50907194,100,,2022-07-11T19:30:23.868Z,2023-01-08T00:29:56.749Z,white,5,domain-name,1487424390.ujsd.conncorrd.com
